{
    "confusion_matrix": [
        [
            54979,
            1885
        ],
        [
            15,
            83
        ]
    ],
    "classification_report": {
        "0": {
            "precision": 0.9997272429719606,
            "recall": 0.9668507315700618,
            "f1-score": 0.9830141786908402,
            "support": 56864.0
        },
        "1": {
            "precision": 0.04217479674796748,
            "recall": 0.8469387755102041,
            "f1-score": 0.0803484995159729,
            "support": 98.0
        },
        "accuracy": 0.9666444296197465,
        "macro avg": {
            "precision": 0.5209510198599641,
            "recall": 0.906894753540133,
            "f1-score": 0.5316813391034065,
            "support": 56962.0
        },
        "weighted avg": {
            "precision": 0.9980798264534052,
            "recall": 0.9666444296197465,
            "f1-score": 0.9814611918476966,
            "support": 56962.0
        }
    },
    "roc_auc": 0.9543364475784686
}