{
    "confusion_matrix": [
        [
            56852,
            12
        ],
        [
            17,
            81
        ]
    ],
    "classification_report": {
        "0": {
            "precision": 0.9997010673653485,
            "recall": 0.9997889701744513,
            "f1-score": 0.9997450168376812,
            "support": 56864.0
        },
        "1": {
            "precision": 0.8709677419354839,
            "recall": 0.826530612244898,
            "f1-score": 0.8481675392670157,
            "support": 98.0
        },
        "accuracy": 0.9994908886626171,
        "macro avg": {
            "precision": 0.9353344046504162,
            "recall": 0.9131597912096747,
            "f1-score": 0.9239562780523485,
            "support": 56962.0
        },
        "weighted avg": {
            "precision": 0.9994795887323629,
            "recall": 0.9994908886626171,
            "f1-score": 0.9994842360925893,
            "support": 56962.0
        }
    },
    "roc_auc": 0.9798810157856052,
    "best_threshold": 0.9807799458503723
}